sugar柚子柚子,保密,4,0
95600686128_bili,保密,0,0
爆炒金针菇鸭,保密,3,0
BalalaikA,男,5,0
Long-Yu龙宇,男,3,0
浪猫c野九,保密,3,0
YoUnGErJ,男,4,0
若仙R_xian,男,2,0
昵称的困扰,女,4,0
溪南T,男,4,0
电竞小胖妹,保密,3,0
荔枝喵喵酱,保密,2,0
绿茶芝士配巧克力,保密,4,0
胖盛盛,保密,5,0
九-域,女,2,0
酷酷哒音游,保密,4,0
61461223291_bili,保密,1,0
走路带疯的傻子,男,4,0
是个好鱼头,女,5,0
昵称被我次掉了,保密,2,0
sugar柚子柚子,保密,4,0
95600686128_bili,保密,0,0
爆炒金针菇鸭,保密,3,0
BalalaikA,男,5,0
Long-Yu龙宇,男,3,0
浪猫c野九,保密,3,0
YoUnGErJ,男,4,0
若仙R_xian,男,2,0
昵称的困扰,女,4,0
溪南T,男,4,0
电竞小胖妹,保密,3,0
荔枝喵喵酱,保密,2,0
绿茶芝士配巧克力,保密,4,0
胖盛盛,保密,5,0
九-域,女,2,0
酷酷哒音游,保密,4,0
61461223291_bili,保密,1,0
走路带疯的傻子,男,4,0
是个好鱼头,女,5,0
昵称被我次掉了,保密,2,0
呼啸而至的时代年轮,保密,1,0
白笙的故事,女,3,0
??是苏玖啊,女,2,0
罗能远,女,3,0
Syzygyyy,保密,2,0
黏糕精本精,男,3,0
孙先生的女孩_,女,2,0
zyNaTour,保密,0,0
233大悦悦332,保密,0,0
任天荒,男,4,0
19956025590_bili,保密,0,0
再来五百二十瓶,保密,0,0
Mega9090,保密,2,0
59341562537_bili,保密,0,0
Seven饿,女,4,0
shneejhr,保密,0,0
yuki姜,保密,5,0
Jean_F,保密,0,0
NicolerChan,保密,2,0
行李和你c,保密,4,0
Zehrooo,保密,3,0
永挺嗨嗨Love,保密,0,0
无头挖掘机,女,4,0
我心永恒15157322234,保密,3,0
清吟丶枫舞酱,保密,5,0
sxvz,保密,3,0
本尊乃天下第一帅,保密,3,0
陈阿婴,保密,0,0
FFF团团长哈哈哈,保密,2,0
梦湮-,保密,2,0
是王小猴儿,保密,0,0
有毒____,女,3,0
张凯棒棒哒,保密,2,0
lzy12138233,保密,2,0
传说你的夜很美,男,4,0
31841488638_bili,保密,0,0
63772675713_bili,保密,1,0
张某一米八,保密,3,0
dfgjdfklgjd,保密,3,0
某傲天,保密,2,0
月了光,保密,4,0
天凤凰离,男,3,0
11704117561_bili,保密,0,0
14101509341_bili,保密,2,0
57314643990_bili,保密,0,0
祸害眠眠,保密,4,0
松松竹自闭惹,女,3,0
HelloWorld2012,保密,4,0
冰柠檬栀子花,保密,0,0
oooooooksu,女,3,0
Arwin-,女,3,0
龙艺_泽普克贝尔,男,4,0
PANORAMA_46,保密,3,0
小短腿马,保密,3,0
月海之泪123,保密,3,0
明知故2333,保密,1,0
Zerozero0o,保密,2,0
90513986054_bili,保密,2,0
MADAO丨图图,保密,4,0
93843140710_bili,保密,0,0
